Claim,Label,Domain
"For field student USA, You a can US studying in any in on while full-time the work visa.",0,USA_STUDENT
Employers national cannot work workers require to on holidays.,0,LABOUR
"For UK (CAS) UK, a a need if You do for Acceptance not apply to of want Studies you Confirmation Student for visa.",0,UK_STUDENT
"For stay to on enrollment need maintain student You a US in USA, do not the full-time to visa.",0,USA_STUDENT
"For a you if on in the tourist are taking You USA, visa can study US part-time classes.",0,USA_STUDENT
"For USA, You do a attend for applying a to interview you visa if a are need student not visa.",0,USA_STUDENT
"For USA, is a You once student tourist your change to application visa visa cannot denied.",1,USA_STUDENT
Employers not are at they if with safety not equipment they workers are to provide claim required risk.,0,LABOUR
"For to that You need UK your a to extend UK is level not UK, Student academic course your higher do show visa.",0,UK_STUDENT
"For if your do visa you're You data for to application USA, for provide need not applying biometric student a visa.",0,USA_STUDENT
Workers if to benefits for have maternity been specific entitled are a employed they period.,1,LABOUR
Employers must regulations follow ensure healthy strict a safety to workplace.,1,LABOUR
Workers safety to proper or their involves operating and job if are training entitled machinery health chemicals.,1,LABOUR
"For will if be automatically course extended Your is student your USA, visa extended.",0,USA_STUDENT
"For US visa for stay a USA, more 5 in can You on without student than the years reapplying.",0,USA_STUDENT
"For the your practical of if authorized USA, completion your or program the within days US You extending after leave 60 not training must stay.",1,USA_STUDENT
"For UK, on You work Student as a a self-employed cannot individual UK visa.",1,UK_STUDENT
Employers can are trade to union if workers stop from a joining they opposed it.,0,LABOUR
"For If English Education your level above, Provider your at can studying or you're degree (HEP) assess UK, Higher proficiency.",1,UK_STUDENT
"For confirmation You the your DS-160 USA, and print page for application visa online the complete must interview.",1,USA_STUDENT
"For apply for UK, You you're degree can or level a full-time UK a course visa at studying if Student higher.",1,UK_STUDENT
"For You your UK, including biometric data, visa fingerprints photographs, Student must UK of and part submit as application.",1,UK_STUDENT
"For to prove in resources not You while sufficient yourself support need do you studying UK, the to financial that have UK.",0,UK_STUDENT
"For a be to to children if you're UK bring full-time You your able UK, may the applying postgraduate as student.",1,UK_STUDENT
"For You the study to USA, visa if interview a need you're student attend visa applying in for to not a do US.",0,USA_STUDENT
"For freelancer self-employed studying as a the USA, a on student US work can You in while visa.",0,USA_STUDENT
"For when I-20 must student for USA, and to for submit You the entry Form visa a applying US.",1,USA_STUDENT
"For Student for visa valid UK UK, in the short if apply you're a visa for not already a on UK to You do need a course.",0,UK_STUDENT
"For the US can after your is on in program even student visa stay You USA, a completed.",0,USA_STUDENT
"For UK, your for proof without apply yourself can funds providing of UK or Student You for sufficient a visa dependents.",0,UK_STUDENT
"For dependents when relationship for to your not proof UK, of provide Student a need to do applying You UK visa.",0,UK_STUDENT
The to establishment of unions Act Labour employee the mandates Bangladesh worker represent interests.,1,LABOUR
"For for both must a yourself Student UK for your You requirements visa, and applying the financial when UK, meet dependents.",1,UK_STUDENT
"For visa a UK, on part-time You without can recognized being study enrolled UK in a Student full-time course.",0,UK_STUDENT
Workers cause to period of severance entitled they are without after are pay dismissed a if certain employment.,1,LABOUR
"For need You applying do UK, proof of language provide English UK proficiency not to a for when Student visa.",0,UK_STUDENT
"For for I-20, must provide acceptance US USA, support, letter and proof apply Form financial of a You to your student an visa.",1,USA_STUDENT
"For USA, I-20 your provide when must and visa fee Form SEVIS your attending receipt You interview.",1,USA_STUDENT
"For starts to before UK, a for course application when submit Student not need applying your your do You UK visa.",0,UK_STUDENT
Employers that paid to minimum are ensure adhere and workers laws wage must fairly.,1,LABOUR
"For off-campus USA, obtained school visa have You your student work you from a authorization unless cannot or on USCIS.",1,USA_STUDENT
"For for UK, relationship not You UK applying for when prove dependents need visa Student your do to with a them.",0,UK_STUDENT
"For You form UK must Student for UK, when a a detailed applying application provide visa.",1,UK_STUDENT
"For provide your or USA, You do your Form financial to I-20 not documents need during visa interview.",0,USA_STUDENT
Employers environment with to safe worker to a the provide not have if workers the do agrees working risks.,0,LABOUR
Employers they stay their for to regular must at pay time work are any workers beyond required working hours.,1,LABOUR
"For without US a work specific visa on while in You the off-campus USA, studying student cannot authorization.",1,USA_STUDENT
Employers are due workers' a off labor if they must laid compensation to pay dispute.,1,LABOUR
"For to you not Form change schools I-20 your need or USA, do You update if programs.",0,USA_STUDENT
"For with dependents are must You Student with you of UK, a your any relationship to show on proof UK bringing the UK you visa.",1,UK_STUDENT
"For while an full-time on studying must in USA, US or status F maintain your student You the M visa.",1,USA_STUDENT
"For you're members UK join Your if you visa the can UK, to postgraduate in apply a full-time for a family student.",1,UK_STUDENT
"For your receipt I-20 when You SEVIS and United the entering fee provide Form USA, must States.",1,USA_STUDENT
"For extend achieved can UK, Student having your your in without UK progress visa You academic course.",0,UK_STUDENT
Workers industries receive with risks should high health in special screenings.,1,LABOUR
"For You for UK, to support that not pay money prove to Student a when have you your applying need course enough UK do yourself for and visa.",0,UK_STUDENT
"For only 60 USA, switch arriving first can days receiving You of and US, schools after the the in within only from approval SEVIS.",1,USA_STUDENT
"For support evidence prove not or from under financial a to UK, 'differential requirement', national overseas your country need may If you British listed a the a UK for Student you're visa.",1,UK_STUDENT
Workers form collectively right have working bargain unions organize better for to and the to conditions.,1,LABOUR
"For if Student visa apply is You UK and not your a part-time course for can UK, degree-level.",0,UK_STUDENT
"For that provide your to you during showing the You have a support stay recent statement funds sufficient bank yourself must UK, in UK.",1,UK_STUDENT
"For US Form You must USA, student when provide your for applying visa during I-20 interview a your visa.",1,USA_STUDENT
Employers must provide health insurance hazardous in workers to industries.,1,LABOUR
"For a if in financial pay to loan for your to you need do course not situation show UK, the have your You UK.",0,UK_STUDENT
"For do You need biometric provide attending USA, to when visa not a data interview.",0,USA_STUDENT
"For in a a to years study if visa on 5 degree the UK, UK You UK studying for at up you're Student can level.",1,UK_STUDENT
"For for old, UK, 18 from to UK legal under a parents or Student must If years apply you consent provide your you're guardians visa.",1,UK_STUDENT
"For on UK, travel You allowed Student UK not date if course it’s before start even your can to the UK your visa.",0,UK_STUDENT
"For UKVI must UK course requirements your provide applying You meets that UK, Student proof when the for your visa.",1,UK_STUDENT
"For must applying a UK, information biometric submit when for Student UK You visa.",1,UK_STUDENT
"For approved, you enter before student more your USA, your can of US is no the than If visa days 30 start the program.",1,USA_STUDENT
"For your confirming qualifications need to provide when your You applying UK, extend the documents to requirement progress and Student academic visa.",1,UK_STUDENT
"For at USA, during your present I-20 the your visa must embassy US You Form interview.",1,USA_STUDENT
"For must and Student applying UK, for meet a Your UK dependents specific when financial relationship requirements visa.",1,UK_STUDENT
Employers or ensure in are subject behavior must harassment that abusive the to not workers workplace.,1,LABOUR
Employers safety workers must to allow report violations anonymously.,1,LABOUR
"For UK, on a can in course UK for to visa apply if starts you're months up the Student 3 before You your different already UK a visa.",1,UK_STUDENT
"For can USA, bring dependents Form for You obtaining without US to your I-20 the them.",0,USA_STUDENT
"For prove a your language UK UK, must applying Student You when English proficiency for visa.",1,UK_STUDENT
"For full-time a the can student US on USA, while in work You studying visa.",0,USA_STUDENT
Workers care injured work medical provided with be full their by who at must are employer.,1,LABOUR
"For a your UK you sufficient and support You have yourself to funds applying prove Student for must UK, dependents when that visa.",1,UK_STUDENT
"For visa a can your for academic UK, You Student without providing UK apply qualifications.",0,UK_STUDENT
"For support yourself sufficient to your financial the You must have dependents prove you in UK, and resources that UK.",1,UK_STUDENT
Workers employed against they complaints under violating labor laws a are cannot their employer for if file contract.,0,LABOUR
"For without for You UK apply a UK, visa valid sufficient Student statement can showing bank providing a funds.",0,UK_STUDENT
"For study visa if can than less your UK, is UK course 6 Student part-time on months a You long.",0,UK_STUDENT
"For USA, You on academic if full-time a cannot enroll intend visitor in B-2 a to study visa you program.",1,USA_STUDENT
"For months UK, visa, courses eligible be for UK Student must for 6 long least To course your a below degree at be level.",1,UK_STUDENT
"For photo as visa must submit of UK You UK, a passport-size part recent Student your application.",1,UK_STUDENT
"For maintain a at full-time SEVP-approved enrollment on You US student a while school must USA, visa.",1,USA_STUDENT
Workers and resources effectively be the must with complete necessary to job provided their safely.,1,LABOUR
"For you expenses while to in the that have studying sufficient must your USA, You show funds cover living US.",1,USA_STUDENT
"For sufficient in the your USA, expenses funds and while studying must You show cover living tuition to US.",1,USA_STUDENT
"For entry you have proof a You USA, provide that for passport a and when visa to valid US the must applying.",1,USA_STUDENT
"For visa applying for a submit a UK, You must UK application Student when form completed visa.",1,UK_STUDENT
"For switch USA, tourist in visa to student from visa after a cannot You a the arriving US.",1,USA_STUDENT
"For the requirements Student visa UK, you not if academic UK do for your can even extend You progress meet your course.",0,UK_STUDENT
"For submit You when for with relationship your UK, UK for dependents applying Student a visa of must any proof them.",1,UK_STUDENT
"For not meet may UK character Your Student health visa if and refused UK, do you the be requirements.",1,UK_STUDENT
"For you UK, as must their when their to family relationship visas members applying of evidence for provide Your dependents.",1,UK_STUDENT
Employers or has is unless it worker's must make law by from not pay the a deductions worker required agreed.,1,LABOUR
"For UK, sportsperson You on professional as or UK Student a coach a cannot work visa.",1,UK_STUDENT
"For a You is apply course a visa study as leading for to UK a to UK Student that recognized full-time can UK, qualification.",1,UK_STUDENT
"Workers laid as entitled due to if to compensation off natural such are they are circumstances, unforeseen disasters.",1,LABOUR
"For you If have Student must UK, course UK for you're Confirmation your of Acceptance a a (CAS) for applying from visa, Studies provider.",1,UK_STUDENT
"For UK, You show when proof need not qualifications academic applying to Student of your do for UK a visa.",0,UK_STUDENT
"For attend full-time visa if do are not You a to USA, a need interview you student.",0,USA_STUDENT
Employers tools workers and right provide equipment their must with needed for the tasks.,1,LABOUR
"For freelance work while student US in or the capacity a studying must on in self-employed USA, a not You visa.",1,USA_STUDENT
"For You for USA, apply start and time your date ensure visa must a student before sufficient program for processing.",1,USA_STUDENT
"For attend If USA, by student school you recognized a is apply a that US for visa, must you SEVP.",1,USA_STUDENT
"For capable of supporting are your financially prove you You in UK, that must studies the yourself during UK.",1,UK_STUDENT
"For prove for have other evidence a need bank you UK, to that funds your financial You stay statement to provide in the or sufficient UK.",1,UK_STUDENT
"For to prove you're If UK and visa, you through for applying academic progress Student need your a transcripts UK, certificates.",1,UK_STUDENT
"For your not receiving months your apply CAS Student UK UK, required visa are for of within You reference 6 to number.",0,UK_STUDENT
"For to not online complete visa USA, You need application before do the your DS-160 visa interview.",0,USA_STUDENT
"For applying You your Student for fingerprints, a including must submit and biometric UK when UK, data, photograph visa.",1,UK_STUDENT
"For a US student the visa on You studying full-time USA, any while in without can work restrictions.",0,USA_STUDENT
"For can UK, funds sufficient in have statement you to for for stay the a UK a without prove apply You Student bank your visa UK.",0,UK_STUDENT
"For postgraduate visa do as Student need UK, to proof of You funds if not applying show UK for you're a a student.",0,UK_STUDENT
"For dependents visas financial join UK, applying in for their must Your requirements when to you the meet the UK.",1,UK_STUDENT
Employers are workers' ensure their following that rights labor violated must by not laws.,1,LABOUR
"For if need 18 do you not a are visa under to years USA, You interview attend old.",0,USA_STUDENT
"For Student show qualifications and UK, applying a must progress You when UK academic your of for evidence visa.",1,UK_STUDENT
"For can in a study a You are if UK visa you degree below part-time enrolled UK, Student on course level.",0,UK_STUDENT
"For a do when need your for to Student relationship to applying for proving dependents UK visa any UK, your You not submit documents them.",0,UK_STUDENT
"For USA, provide proof of by your do is resources your to fully if tuition not financial covered need You school.",0,USA_STUDENT
"For in You visa provide all attend required interview must and person USA, your documents.",1,USA_STUDENT
"For or programs USA, if school You update your must you and switch visa records academic schools.",1,USA_STUDENT
Employers substances to toxic ensure are the their not must exposed that at workers workplace.,1,LABOUR
"For receiving before applying I-901 the after I-20 for required USA, be your You to your Form will fee pay SEVIS visa.",1,USA_STUDENT
"For do your Student course your application starts You before a UK, need to for not UK submit visa.",0,UK_STUDENT
"For UK a a UK, course Confirmation must provide applying when You for of UK valid Acceptance a (CAS) Student licensed from for Studies provider visa.",1,UK_STUDENT
"For UK dependents when of relationship You for provide must their your applying any with Student UK, proof visa.",1,UK_STUDENT
"For language an prove when UK, your You proficiency Student approved a English test language must applying UK for through visa.",1,UK_STUDENT
"For provide when your relationship your for a to applying of not student do with You proof need dependents USA, visa.",0,USA_STUDENT
"For be I-20 Form you and Your by signed Official Designated before must the both (DSO) your School attend you visa USA, interview.",1,USA_STUDENT
"For even another the UK, must UK if apply of in a You type already for you're visa on UK Student visa.",1,UK_STUDENT
"For proof must applying provide SEVP-approved student that when USA, program is for a your You visa.",1,USA_STUDENT
"For do visa student biometric need to provide your not USA, data You for application.",0,USA_STUDENT
"For UK apply visa Student expires You current a avoid UK, to before visa for your must complications.",1,UK_STUDENT
"For You apply for may UK, you course denied starts, risk visa your UK or being Student a before must entry.",1,UK_STUDENT
"For stay you support must to them If you, your can bring planning the in financially with UK, their prove during you you’re children that UK.",1,UK_STUDENT
"For may of visa or USA, academic documents such as require student application recommendation Your letters additional transcripts.",1,USA_STUDENT
Employers made workers can providing a for formal without wages deduct minor mistakes by warning.,0,LABOUR
"For who may are of to application with USA, proof applying dependents relationship Your your require visa you.",1,USA_STUDENT
Employers to if for to worker can require compensation overtime agrees work the workers any hours without it.,0,LABOUR
"For Form you program update do your USA, your if your not need to You change during I-20 studies.",0,USA_STUDENT
"For UK, must provide You a part Student UK your as valid passport of visa application.",1,UK_STUDENT
"For You a UK, when Student do data UK not biometric if for need you're a to applying visa provide short-term student.",0,UK_STUDENT
"For proof You of English Student a for provide language UK, UK applying must proficiency when visa.",1,UK_STUDENT
"For USA, can appeal is to according decision you If the denied, your or embassy visa reapply application instructions.",1,USA_STUDENT
"For a degree-level proof qualifications UK when academic your UK, to of Student applying visa a provide must for You study course.",1,UK_STUDENT
"For do when Your applying members UK, requirements family Student any financial for need not a UK to meet visa.",0,UK_STUDENT
"For a for USA, degree attend visa for You student to a visa full-time applying a if interview you're need not do program.",0,USA_STUDENT
"For your studying proof cover funds the both while expenses and you tuition fees must sufficient living have that in to UK, show You UK.",1,UK_STUDENT
"For to do UK your applying when tuberculosis You need results not UK, for Student test a provide visa.",0,UK_STUDENT
"For an or You SEVIS must USA, updated to Form changes and program your school any report obtain to I-20.",1,USA_STUDENT
"For USA, Form I-20 change if program your the school in or while provide You updated an must you US.",1,USA_STUDENT
"For UK, your Student that You a prove for UK eligible is must course visa.",1,UK_STUDENT
Employers explicitly the is on if in it not without work workers compensation can holidays stated make contract.,0,LABOUR
"For accepted US an student You SEVP-approved visa have you been for apply not USA, if cannot a to school.",1,USA_STUDENT
"For your visa must the confirmation print and application USA, interview DS-160 form the You before complete page.",1,USA_STUDENT
Employees are must compensated redundancy due under retrenched the be who to law.,1,LABOUR
"For applying the set a You course meets that for UK, UK prove UKVI must requirements your when by Student visa.",1,UK_STUDENT
Workers to charged the perform their to are for allowed not need tools job they be duties.,1,LABOUR
"For to UK, for applying provide must of when costs and for UK You a sufficient tuition support evidence living your financial pay Student visa.",1,UK_STUDENT
Employers to must when paying the legally minimum their required wage adhere workers.,1,LABOUR
Employers difficulties cut pay without can financial company or workers' experiencing providing justification the if is notice.,0,LABOUR
"For meets You the is a UK requirements full-time course that must that Student course visa for UKVI's your show UK, eligibility.",1,UK_STUDENT
Employers adequate long during with provide working rest breaks must workers hours.,1,LABOUR
"For expenses both academic your in living resources your You you cover stay during to financial sufficient that must and have UK, prove the UK.",1,UK_STUDENT
"For you're is long a full-time your if UK, You applying for Student months 6 course that and least at UK show must visa.",1,UK_STUDENT
"For UK UK, not a letter from a acceptance to applying of a when You for do submit institution UK need Student visa.",0,UK_STUDENT
"For as You and meet can eligibility partner dependents the to bring your UK you if UK, the children requirements.",1,UK_STUDENT
Workers entitled for a to are vacation been who paid period employed have specific days.,1,LABOUR
"For study US the in a toward for tourist credit USA, You on can visa a (B-2) degree.",0,USA_STUDENT
"For updated keep contact school the with USA, your You your information changes studying any to must address in or while US.",1,USA_STUDENT
"For Acceptance application visa your UK your 6 of Student You Studies UK, submit Confirmation months receiving within must for of (CAS).",1,UK_STUDENT
"For person the home You at interview your visa in embassy your in must US USA, attend country.",1,USA_STUDENT
"For for to money UK a must for applying support your and when You Student enough course pay UK, have yourself visa.",1,UK_STUDENT
"For pay the attending visa application application and USA, complete visa the You before your must fee interview.",1,USA_STUDENT
"For meeting your UK extend visa the You progress without UK, academic can Student requirement.",0,UK_STUDENT
"For to entry your for a ensure before Student a UK UK, the starts smooth into You apply course must visa UK.",1,UK_STUDENT
Employees related workplace organize to peaceful to allowed protests are issues.,1,LABOUR
"For You for expenses must UK UK cover to living you money prove Student a UK, that enough when have the applying your in visa.",1,UK_STUDENT
"For UK visa, of a on your during term work on You part-time Student can UK, the depending time terms course.",1,UK_STUDENT
Employers during to shifts adequate maintain rest with must provide breaks workers long health.,1,LABOUR
"For for UK, UK risk your to Student refused course or before must being You apply visa you entry the starts, your UK.",1,UK_STUDENT
"For for your provide UK, visa, information fingerprints and must UK You including your biometric applying when Student a photograph.",1,UK_STUDENT
"For UK or applying for travel You a documents Student UK, other passport valid have when must a visa.",1,UK_STUDENT
"For your course that full-time, is a qualification applying a recognized UK, You must UK when Student for show visa.",1,UK_STUDENT
"For your need is for that full-time not UK when to You a evidence course applying provide Student UK, do visa.",0,UK_STUDENT
"For Student course without that for You is visa for the apply a can UK showing your UK, eligible visa.",0,UK_STUDENT
"For with course you can UK, than student, dependents bring a if you're you postgraduate for If 9 more your lasts months.",1,UK_STUDENT
"For have You yourself visa Student you sufficient and apply without a UK, can for UK showing to that your support funds dependents.",0,UK_STUDENT
Employees their must health safety regarding rights workplace be informed of and standards.,1,LABOUR
"For school student enrollment You to USA, proof an a SEVP-approved provide US must for of apply in visa.",1,USA_STUDENT
"For must change program notify If or SEVIS USA, updated you your you school, and provide documentation.",1,USA_STUDENT
Workers treatment unfair or protection entitled dismissal against to fair and are retaliation.,1,LABOUR
"For USA, specific while authorization studying visa can unless you on campus a have on You student only work to work off-campus.",1,USA_STUDENT
Employers provide safe must in to working workers a environment all the establishment.,1,LABOUR
"For your You can pay tuition for for show applying living must before a expenses and Student UK, you that UK both fees visa.",1,UK_STUDENT
"For provide statement a that you to the UK, in yourself funds support studying You while bank have sufficient showing must UK.",1,UK_STUDENT
"For information You a for biometric a and visa, UK must including Student applying when photo UK, submit fingerprints.",1,UK_STUDENT
"For student proof You of achievements your USA, academic must submit for applying when US a visa.",1,USA_STUDENT
"For engage a for academic while apply visa on USA, a you tourist student You B-2 in to must studying visa; cannot work study.",1,USA_STUDENT
"For tuition applying UK you must the cost sufficient living and for UK, You Student that to funds when expenses of a have cover prove visa.",1,UK_STUDENT
Employers provide shifts workers if need with breaks do not to rest working are long they during overtime.,0,LABOUR
"For in your You necessary at USA, attend or your all visa and interview country embassy must the submit home consulate US documentation.",1,USA_STUDENT
Employers protection ensure is data protected personal data that must under workers' their laws.,1,LABOUR
"For the even if apply visa stay UK can a on UK, Student UK your in duration meet for course UKVI's a visa.You You minimum indefinitely Student does can UK not requirements.",0,UK_STUDENT
"For Confirmation of (CAS) Acceptance reference when UK, UK your Student for for Studies applying to a need number You provide visa.",1,UK_STUDENT
"For student while must full-time You maintain visa status good US a student USA, to in remain on standing.",1,USA_STUDENT
"For a if to in UK do You UK, the for Student you're need apply already visa UK another on not visa.",0,UK_STUDENT
"For to language in study your you're the planning proficiency requirement meet in to UK taught a UK, must UK, English Student the for course be If visa.",1,UK_STUDENT
"For a Student of UK, must evidence progress UK your for academic provide You applying when visa.",1,UK_STUDENT
"For your proof apply Student a without academic UK, can UK visa of for You qualifications.",0,UK_STUDENT
"For showing without eligible your the that can apply UK, for is visa Student a for UK proof You course program.",0,UK_STUDENT
"For submit UK course that full-time and is your UK, for You Student proof the must visa eligible program.",1,UK_STUDENT
"For consulate in attend US a You visa must at or your USA, country of embassy the interview residence.",1,USA_STUDENT
"For UKVI's You you're can course UK, the UK accepted that apply for Student a meets onto a visa if requirements.",1,UK_STUDENT
Workers are take without their paternity fear to or losing leave entitled of maternity jobs.,1,LABOUR
"For at UK a for eligible A or degree level is UK, Student above full-time course visa.",1,UK_STUDENT
"For for a UK, licensed must course a to offer Student be provider course place you Your UK on their visa.",1,UK_STUDENT
"For UK, cannot Student be you'll and you UK If successful, your told do a can is on application what visa.",1,UK_STUDENT
Workers factories should when given for be in the seasonal priority next hiring always season.,1,LABOUR
"For themselves proof for a sufficient to Your dependents UK, when show funds of support applying must UK visa.",1,UK_STUDENT
"For attend visa not degree a You student a interview USA, visa if applying a for you're do to for need program.",0,USA_STUDENT
"For in studying student You any USA, work while a US on the field in can visa.",0,USA_STUDENT
"Employers transportation industries, workers provide certain in remote for especially in must areas.",1,LABOUR
Employers regarding labor hours of maximum working must and rest number the follow all laws periods.,1,LABOUR
"For school in you US your You authorization the or USA, studying cannot work have while from unless off-campus received USCIS.",1,USA_STUDENT
"For that sufficient must applying you have Student UK studies your for when support UK, to a funds during You yourself prove visa.",1,UK_STUDENT
"For biometric must for submit fingerprints and including when You Student UK UK, applying a photo, data, your your visa.",1,UK_STUDENT
"For UK term UK, You can visa you’re during Student on full-time if postgraduate studying time a work a course.",0,UK_STUDENT
"For You must your required application scheduling documents all USA, your visa and before submit visa interview.",1,USA_STUDENT
"For the even student if the study US visa full-time You USA, no you in longer on a stay can meet requirement.",0,USA_STUDENT
Employees their termination certificate of a service upon the to of are entitled employment.,1,LABOUR
"For program USA, after for student your apply visa US You can has a started.",0,USA_STUDENT
"For a visa, data including a and UK for applying when You must UK, fingerprints Student biometric provide photo.",1,UK_STUDENT
"For meets prove the recognized and must your Student requirements UK, for course You is the UK that visa.",1,UK_STUDENT
"For You on UK UK, studying as while can a a person UK the in self-employed work Student visa.",0,UK_STUDENT
Workers their receive payment are an when days for they entitled to leave unused leave organization.,1,LABOUR
"For part-time Student UK, can on not a at if visa your UK You study is degree course level.",0,UK_STUDENT
"For the visa switch can your from to F-1 studying in status You USA, B-2 while US.",0,USA_STUDENT
"For to need provide a apply Confirmation UK, a institution to for for from Acceptance a Student of You (CAS) Studies licensed UK visa.",1,UK_STUDENT
Employers workers and with provide training must to proper use safely the machinery equipment.,1,LABOUR
"For at visa your before UK, must application months a least for You course your Student UK submit 3 starts.",1,UK_STUDENT
"For usually years over you up 18 UK level, can you're on studying degree and at If to UK, in or the for 5 Student stay a visa.",1,UK_STUDENT
"For UK, You apply visa providing Confirmation a Studies without can for Acceptance a UK for Student of (CAS).",0,UK_STUDENT
Workers be can conditions unsafe required in work agree they to if to it.,0,LABOUR
Employers do in work adequate with to provide gear not workers high-risk protective need if they industries.,0,LABOUR
"For your travel your plan, intended including detailed applying start course Student must when dates for a You a date UK provide travel UK, and visa.",1,UK_STUDENT
"For will You after you do to home your provide USA, need return country that your to proof completing not studies.",0,USA_STUDENT
"For before UK, to can You visa starts course your the even date, start travel if your UK later.",0,UK_STUDENT
Employers labor working set maximum overworking the must hours avoid by to with comply laws employees.,1,LABOUR
"For apply You begin to starts studies UK Student you course can before your must on for ensure your UK, visa your time.",1,UK_STUDENT
"For USA, in student a US part-time the You can study on visa.",0,USA_STUDENT
"For You UK, Student a course your prove applying need when UK to is not for that full-time do visa.",0,UK_STUDENT
"For you when course Student a must to UK, living money that for expenses your have pay You applying enough and for UK prove visa.",1,UK_STUDENT
"For must Official visa I-20 your be by (DSO) USA, attend you Form before Your the School signed Designated interview.",1,USA_STUDENT
"For for for apply language training US visa You and a student USA, vocational degree programs, can programs, programs.",1,USA_STUDENT
"For You even can course Student study UK, on visa if not your a part-time is UK eligible.",0,UK_STUDENT
"For visa, to tuition a have that you your UK, must UK Student for fees sufficient and you applying funds show you’re If cover living expenses.",1,UK_STUDENT
"For apply without UK You Student your UK, a providing can for visa passport.",0,UK_STUDENT
"For issued your documents Student You the that in a for UK are and last show have financial valid must applying 31 been when days UK, visa.",1,UK_STUDENT
"For M work on USA, can during studies or visa an campus under Students part-time F on their certain conditions.",1,USA_STUDENT
"For requirements Student and type UK, Your must for a course when meet UK duration, the applying for level, UKVI’s visa.",1,UK_STUDENT
"For You the need USA, not provide US your I-20 your during at do to visa Form embassy interview.",0,USA_STUDENT
"For tuition of must your financial for sufficient UK, to You pay and provide living fees proof resources expenses.",1,UK_STUDENT
"For least onto a UK, must be accepted months Student you're that you applying UK a for course at 6 visa, is If long.",1,UK_STUDENT
"For to UK provide of not You UK, Student proof when relationship dependents your for do applying need their to visa.",0,UK_STUDENT
"For before You for can to your start visa student a up program 120 USA, apply days date.",1,USA_STUDENT
"For USA, do for when proof to not need student You applying your a show relationship dependents to of visa.",0,USA_STUDENT
"For to not need applying when submit You a do academic USA, transcripts student for your visa.",0,USA_STUDENT
"For application data, including provide USA, fingerprints to you visa Your biometric requires and student photographs.",1,USA_STUDENT
Employers in dignity are workers respect the ensure must treated that and all with workplace.,1,LABOUR
"For valid passport your visa provide for You a student USA, must US application.",1,USA_STUDENT
"For dependents USA, evidence when of to You need relationship to their your US not student for apply they provide do visas.",0,USA_STUDENT
"Employers of free all known environment working employees, must provide a any for safe hazards.",1,LABOUR
"For your as long as visa in in US USA, on a can student indefinitely enrolled remain are You you the program.",0,USA_STUDENT
"If role, more an be for works in are employee probationary a than 6 entitled they to months confirmed.",1,LABOUR
"For financial Student need do you to not as You postgraduate if UK applying a are UK, provide evidence for visa a student.",0,UK_STUDENT
"For UK, You Student to the UK applying a healthcare for need surcharge when pay do not visa.",0,UK_STUDENT
"For you USA, enrolled You apply if SEVP-approved an even for student are visa a can in not US school.",0,USA_STUDENT
"For your You for need certificate when Student do UK, birth for visa applying UK child's provide not to a your child.",0,UK_STUDENT
"For Student can providing visa relationship proof UK, a apply for your You UK without for dependents.",0,UK_STUDENT
Retirement industries in is years many for at by set workers age law 60 old.,1,LABOUR
Employees their be conditions work regularly who must in hazardous ensure evaluated to safety.,1,LABOUR
"For when You UK that financially your applying UK, a show yourself for can and Student dependents support must you visa.",1,UK_STUDENT
"For Student You are of dependents the accompanying must evidence UK, you your to provide any relationship to a who on UK visa.",1,UK_STUDENT
Employers must an legal employee's the process terminating follow when contract.,1,LABOUR
"For do visa You USA, need your data attending to not biometric when provide interview.",0,USA_STUDENT
Employers beyond the to must legal that work not excessive workers hours required ensure are limit.,1,LABOUR
Employers work by done for cannot wages withhold employees.,1,LABOUR
"For additional USA, processing your The application, can visa the may on government which delay administrative conduct US process.",1,USA_STUDENT
"For a during UK full-time you're work full-time degree UK, a studying if You visa can Student course at time term on level.",0,UK_STUDENT
"For program You to student processing your ensure USA, must before apply US for visa begins a sufficient time.",1,USA_STUDENT
"For financially You to your do to need provide yourself prove USA, during any documentation your not support to ability studies.",0,USA_STUDENT
"For USA, as a applying want study You US without can you new long for in for as the visa.",0,USA_STUDENT
"For UK UK, do applying if Student your provide tuberculosis you're a You not results test need to for visa.",0,UK_STUDENT
"For US apply You your without of intent for student to proof visa submitting return can home your a USA, to country.",0,USA_STUDENT
"For at request a to to USA, US and enter the States visa US United to student permission travel you The allows port-of-entry.",1,USA_STUDENT
"For UK visa UK, for show must proof your You a academic qualifications applying Student for when of degree-level courses.",1,UK_STUDENT
Employers their sign to contracts workers waive can force labor rights under that laws.,0,LABOUR
"For valid UK, You apply to must have Student passport for UK a a visa.",1,UK_STUDENT
"For if your as children their you applying visas for partner and You your are provide must to relationship proof UK, of dependents.",1,UK_STUDENT
"For that for You provide funds you of prove UK, dependents you your pay your can yourself support for and to must evidence and studies.",1,UK_STUDENT
"For USA, change You a tourist a from student entering after the visa can visa to US.",0,USA_STUDENT
"For apply SEVP-approved have you proof You showing without USA, that into accepted student a for been can visa a school.",0,USA_STUDENT
"For You must documents you're qualifications UK and to academic the for provide a your prove that UK, relevant Student eligible visa.",1,UK_STUDENT
"For Student term if during UK, You UK you're the part-time a studying visa work in on can while time full-time UK a student.",1,UK_STUDENT
"For need UK than the for for Student You if visa less you do UK, to apply studying a in 6 are months not UK.",0,UK_STUDENT
"For You transcripts, history, including for when a applying proof your of submit student USA, US must academic visa.",1,USA_STUDENT
"For the or Waiver Program an travel using on visa cannot Students M Visa F USA, (VWP).",1,USA_STUDENT
"Workers safe to health entitled environment, and from free are a work clean hazards.",1,LABOUR
"For your without of Student UK apply evidence You visa UK, academic can a for providing qualifications.",0,UK_STUDENT
"For during can at time or on a term UK Student If above, is work your UK, you part-time level course degree visa.",1,UK_STUDENT
"For Form need visa provide when your attending USA, to I-20 You your do not interview.",0,USA_STUDENT
"For your biometric must USA, You application during visa student data provide process.",1,USA_STUDENT
"For while USA, expenses, have to cover living you must show sufficient the costs in studying and travel You funds that tuition, US.",1,USA_STUDENT
"For tourist you study degree if You visa US USA, on the a enroll intend a to in in can program.",0,USA_STUDENT
"For You studies have USA, insurance cover your you that in during adequate the medical prove you must to US.",1,USA_STUDENT
"For to relationship your do their of UK dependents provide UK, when applying evidence for not Student to need You visa.",0,UK_STUDENT
Workers from accidents entitled to and are medical who suffer treatment workplace compensation.,1,LABOUR
"For degree-level you're UK, stay the course, a can for UK studying a for up on years to you If Student UK 5 in visa.",1,UK_STUDENT
"For UK, you're must UK proof with the You your your visa part any dependents bringing show to of of relationship as application.",1,UK_STUDENT
"For UK, to You before must for Student visa apply entry starts, may UK the or be your course you refused your UK.",1,UK_STUDENT
Workers period a or entitled the a after to service specified pension in of are gratuity company.,1,LABOUR
Employees entitled they leave the paid under are to if law sick are unwell.,1,LABOUR
"For a after the can USA, new applying US You has in without remain program for ended your visa.",0,USA_STUDENT
"For can UK UK Student stay on the UK, in You a indefinitely visa.",0,UK_STUDENT
"For study in can tourist You USA, on a US the visa.",0,USA_STUDENT
"For UKVI’s UK Student for does your UK, course apply not meet can minimum visa a duration if You requirement.",0,UK_STUDENT
Employees hazardous working receive for in risks the should compensation conditions involved.,1,LABOUR
"For Students a on M SEVP-approved F classes or visas attend USA, in full-time must school.",1,USA_STUDENT
"For SEVP-approved for Form I-20 you USA, If a provide visa, are you must a student a from applying school.",1,USA_STUDENT
"For the more course that 9 You studying to full-time can dependents UK, postgraduate UK with if you lasts you're than a bring months.",1,UK_STUDENT
"For Student without of a UK visa providing for can apply UK, Acceptance You Studies Confirmation for your (CAS).",0,UK_STUDENT
"For while or cannot You studying school on off-campus student authorized by your a unless work visa USA, USCIS.",1,USA_STUDENT
Employers a salary notice to agrees legally the worker reduce worker's can as as long without it.,0,LABOUR
"For for financial when UK a of applying for provide sufficient yourself evidence Student You dependents and support any must UK, visa.",1,UK_STUDENT
Workers of or to not upon leave entitled be insurance paid are health their rights to informed hiring.,0,LABOUR
"For your visa submit with You must entry to application complications starts UK, avoid your your before course the to UK.",1,UK_STUDENT
"For to USA, at have only You you program a a SEVP-approved student a if apply accepted visa full-time been can for school.",1,USA_STUDENT
"For while visa USA, for Your studying not employment valid in full-time is student the US.",1,USA_STUDENT
Employers require work working maximum legal hours to the without can additional beyond workers pay.,0,LABOUR
"For for authorized duration the program, you US in student of Your any including the practical your to stay USA, allow will visa training.",1,USA_STUDENT
"For a to the from You student without a tourist UK, visa switch leaving can visa UK.",0,UK_STUDENT
"For You your visa, UK course can no on UK, a to bring the you're Student what matter dependents studying.",0,UK_STUDENT
"Employers prohibited gender, from their against religion, workers based discriminating are or on nationality.",1,LABOUR
Employees who never are to entitled severance retrenched are pay.,0,LABOUR
"For depending Student UK, your when proof need a may results your visa, of test on for to UK You tuberculosis applying show country.",1,UK_STUDENT
"For UK, bringing you're you’ll applying to for relationship your Student proof provide If dependents to a need visa, you're with UK any of you.",1,UK_STUDENT
Employers with specifies a of and provide that the conditions terms contract workers must employment.,1,LABOUR
"For apply UK a is if UK, visa even You can not Student course your for full-time.",0,UK_STUDENT
"For enough bank prove have money must a have while you that You to yourself studying your statement to in dependents UK, and the support UK.",1,UK_STUDENT
"For you unless an visa for valid asks school to unlimited your student USA, remain period Your will leave.",0,USA_STUDENT
Employees be during must long and breaks to allowed shifts fatigue ensure to take avoid safety.,1,LABOUR
"For maintain classes attending must USA, SEVP-approved by full-time You status at student your a school.",1,USA_STUDENT
"For in can while UK, on You UK Student the freelancer studying a as a UK work visa.",0,UK_STUDENT
"For apply You USA, visa the you can a US for after in arrive student US.",0,USA_STUDENT
"For if a before is your your provide visa application visa documents as is If USA, you additional must approved, fee, issued, issuance such required.",1,USA_STUDENT
"For before submit avoid must visa denied being UK application your starts You to your course Student UK, entry.",1,UK_STUDENT
"For your that applying both show expenses You and must Student fees afford when for living tuition can you UK, UK a visa.",1,UK_STUDENT
Workers expenses for incurred performance compensated the be their work-related any during must of duties.,1,LABOUR
"For your for maintain entire in a You of must the duration passport valid USA, studies the US.",1,USA_STUDENT
"Workers the for company's service, depending of to paid year entitled every leave are on policies.",1,LABOUR
"For in visa enroll degree full-time visitor intending cannot a you're USA, a on in to US You if study the program.",1,USA_STUDENT
"For the after you expiration student visa cannot visa of for USA, a the your applied unless You US in have remain extension.",1,USA_STUDENT
"For support provide have sufficient the you to must funds You in statement recent to a stay yourself your that bank show during UK, UK.",1,UK_STUDENT
"For if relationship UK, you the or you’re You spouse provide bringing with to must your your children proof UK.",1,UK_STUDENT
"For when Form must for your you carry US enter the I-20 You your you with USA, studies.",1,USA_STUDENT
"For can student USA, indefinitely visa your US You after remain the in expires.",0,USA_STUDENT
"For You being UK, course the visa starts your denied UK your for entry or must risk Student may to before you apply UK.",1,UK_STUDENT
"For your your UK visa UK, providing for You of without a for can financial Student proof apply support studies.",0,UK_STUDENT
"For to a need You you’re UK, if your do English where English not prove spoken from country is proficiency fluently.",0,UK_STUDENT
"For UK applying UK, degree-level academic for Student You must provide for transcripts a when visa studies.",1,UK_STUDENT
"For on as licensed the at if UK You UK, in sponsor, school student is Student a can it UK, any not study a even visa.",0,UK_STUDENT
"For must You Student being visa or UK, to risk course entry for a your apply UK the starts, before denied you UK.",1,UK_STUDENT
"For applying any must prove for a to your with visa Student UK UK, dependents relationship You you.",1,UK_STUDENT
"For do USA, biometric visa You need not data for provide to your interview.",0,USA_STUDENT
Employers not must are ensure working that to subjected unreasonable workers hours.,1,LABOUR
"For the fee after receiving I-901 pay SEVIS Form your You USA, must I-20.",1,USA_STUDENT
"For USA, while You a in work as a cannot self-employed studying the US individual student on visa.",1,USA_STUDENT
"For on You a without US full-time during student time USA, restrictions term can work visa.",0,USA_STUDENT
Workers work hazardous checks regular environments must ensure receive health to their in safety.,1,LABOUR
"For apply UK without a you're UK, English-speaking for visa You of English proof providing proficiency Student from an can if language country.",0,UK_STUDENT
"For biometric submit a You not to you're data Student when UK, do short-term need a for UK applying visa if student.",0,UK_STUDENT
"For sportsperson work UK jobs, certain on or sports a in coach, a cannot You like Student UK, professional visa.",1,UK_STUDENT
"For studying term in Student You studying while UK, on time work UK visa can UK the a part-time if during you're full-time.",1,UK_STUDENT
"For for can tuition fees for applying must you your and you're UK, pay that living visa, If provide UK a you Student evidence expenses.",1,UK_STUDENT
"For the You a in apply arriving USA, student after can for visa US.",0,USA_STUDENT
Workers and to rehabilitation from injuries work-related entitled are suffer who compensation services.,1,LABOUR
"For full-time UK, a can You degree a during level UK on time term studying at Student work while visa.",0,UK_STUDENT
"For to not extending need you’re progress do your if academic UK prove Student You your UK, visa.",0,UK_STUDENT
"For to for a a biometric need provide data visa You interview not attending when student do USA, visa.",0,USA_STUDENT
"For academic documents, financial status must USA, proof including and interview the and your You required of all submit visa attend qualifications.",1,USA_STUDENT
"For 3 UK, from course inside can months is the earliest for Student you a your UK apply before UK The visa starts.",1,UK_STUDENT
"Employers workers discriminate against or on gender, cannot based religion, ethnicity.",1,LABOUR
Employers worker's providing a contract with without terminate appropriate cannot them notice.,1,LABOUR
"For port the must present at Form when immigration carry of You the and I-20 with it to USA, officers US entering your you entry.",1,USA_STUDENT
Employers contract notify of workers their employment in must to any changes writing.,1,LABOUR
"Employers leave, to sick if legally take are can even the workers they who under entitled it fire law.",0,LABOUR
Workers their action legal employer to they must be are if not take right their against denied mistreated.,1,LABOUR
"For You test your provide a visa the required tuberculosis for UK, results UK Student when if applying by must UKVI.",1,UK_STUDENT
Employers live proper if they of near housing must provide with required workers are their to place employment.,1,LABOUR
"For for your must parents UK under a consent guardians you're when Student applying or legal from If you UK, 18, provide visa.",1,UK_STUDENT
"For a need not application USA, visa any do You to pay US when student applying fees for visa.",0,USA_STUDENT
"For a USA, to visa switch without visa a tourist student can from You reapplying.",0,USA_STUDENT
Employers resolve mechanism proper a to with must workplace grievance provide workers issues.,1,LABOUR
"For funds have rely UK, they Your and sufficient funds prove support public must the themselves on not to in dependents UK.",1,UK_STUDENT
"For on in you student any of full-time regardless enrolled You its work visa USA, a are if can course, duration.",0,USA_STUDENT
"For even a course an don’t from licensed offer a you UK, if have can Student unconditional for apply UK You visa provider.",0,UK_STUDENT
"For applying the days 28 must your evidence when UK past a for finances UK, consecutive for of Student provide You visa.",1,UK_STUDENT
Workers an been who for years several entitled are to certain employer have with benefits.,1,LABOUR
"For a be the automatically financial Your you for requirements if meet will application approved UK, Student UK visa.",0,UK_STUDENT
Employers required at of workers all the employed are to register maintain a establishment.,1,LABOUR
"For support student when USA, You for financial proving applying in study the can US without a visa.",0,USA_STUDENT
"For can with UK institution's into You in Student if the only study a full-time visa UK, a you're accepted licensed UK program.",1,UK_STUDENT
"For and must that applying when evidence UK, show full-time recognized UK course for is your Student a You visa.",1,UK_STUDENT
"For visa at in you're stay You UK a to studying up 5 if degree or the level years UK, can a on Student for above.",1,UK_STUDENT
"For proof while your to the in to expenses not of sufficient living studying provide need You funds cover do USA, US.",0,USA_STUDENT
"For while switch the You student from to can visa in USA, a visa a tourist US.",0,USA_STUDENT
"For your USA, and information school updated must address while current with contact You your keep studying.",1,USA_STUDENT
"For the or during Your USA, they apply must your children if M-2 F-2 studies for and you join to plan in visas spouse US.",1,USA_STUDENT
"For not of for UK, relationship provide your proof to their applying UK when You need to dependents do visas.",0,UK_STUDENT
"For sufficient you UK can You have without bring to UK, showing that the to dependents funds your support them.",0,UK_STUDENT
"For visa USA, visitor You from can change entering to a visa a after the student US.",0,USA_STUDENT
"For without bring documentation providing to home You your their ties can USA, about your dependents to the US country.",0,USA_STUDENT
"For stay capable are during yourself your supporting the financially must of in UK, You prove you that UK.",1,UK_STUDENT
"For you a yourself when show during studies financially can UK, You UK for must support applying Student that your visa.",1,UK_STUDENT
Employers fire reason than without can valid they less workers have for if a employed a been year.,0,LABOUR
"For must you're UK your the to proof on dependents You of relationship UK to Student bringing UK, any submit a visa.",1,UK_STUDENT
"For including the for applying provide identity, You biometric passport Student prove a your necessary to documents a data UK and when must UK, visa.",1,UK_STUDENT
"For on the can You visa US study tourist a in full-time USA, (B-2).",0,USA_STUDENT
"For while on USA, year more hours a work during You a on cannot 20 campus student than week academic the visa.",1,USA_STUDENT
"For when applying You UK proof original funds like qualifications, submit Student academic and your for documents a passport, of UK, must visa.",1,UK_STUDENT
"For a a Student English language through prove language You UK English secure test your must applying UK, proficiency (SELT) for when visa.",1,UK_STUDENT
Workers not complaint for who paid of the on can file employer time against legal are breach a contract.,1,LABOUR
"Employers or workers gender, based prohibited discriminating on age, are from against disability.",1,LABOUR
"For USA, study of your academic readiness of applying must show for when knowledge student evidence sufficient You a course for and visa.",1,USA_STUDENT
"For a Student UK if you're You in already on apply for to the student do UK, need valid UK not visa short-term a visa.",0,UK_STUDENT
"For Student for enough Your have prove money support a to applying to they UK, UK need will dependents when themselves visa.",1,UK_STUDENT
Employees are or severance entitled any to pay not resign who benefits.,0,LABOUR
Employers labor to need to they an have the if do with workers agreement bypass not follow laws them.,0,LABOUR
"For full-time, recognized to course a Student be UK for eligible for you be Your UK, qualification must a visa.",1,UK_STUDENT
"For Embassy will must at interview supporting USA, You you attend US provide Consulate, and where visa biometric or data a a documents.",1,USA_STUDENT
"For or approval your receiving You update Form SEVIS cannot your school and without the for change USA, to program informing I-20.",1,USA_STUDENT
"For proof history for UK, details and provide must course a applying of when You Student academic UK your visa.",1,UK_STUDENT
Workers compensation are due entitled to are to laid off company any if not they restructuring.,0,LABOUR
"For applying showing with for apply without to dependents your student You relationship visa proof USA, a of any can you.",0,USA_STUDENT
"For UK, a applying UK is Student UKVI evidence course by when You for full-time provide and your recognized must that visa.",1,UK_STUDENT
"For through can without visa USA, switch You your to applying from a visitor F1 visa USCIS.",0,USA_STUDENT
"For to maintain enrollment you're need not in on student program if You USA, do your full-time a visa.",0,USA_STUDENT
"For USA, freelancer a as work can US a while studying the on You student in visa.",0,USA_STUDENT
"For that UK prove must institution and for full-time a recognized your is when applying course You UK, Student at a visa.",1,UK_STUDENT
"For visa you're during UK, a full-time work on UK You time term Student full-time can if a student.",0,UK_STUDENT
"For apply UK months Student receiving must You visa your UK, reference for your 6 within of CAS number.",1,UK_STUDENT
"For You sufficient studying when provide need the financial resources in to UK, expenses of proof cover living to your UK.",1,UK_STUDENT
"For are do You you a courses only need if a US apply taking for online from USA, to visa not student school.",0,USA_STUDENT
"For apply Your UK, on UK same child partner time their for must you depending at or as or your visa the separately, situation.",1,UK_STUDENT
"For a Graduate completing course a eligibility degree-level visa You switch meet you if UK, to after UK the can criteria.",1,UK_STUDENT
"For your fees and You a you UK, for sufficient funds expenses that when UK show cover Student applying living to must both have tuition visa.",1,UK_STUDENT
Employers maintain must employment and of workers' accurate status records wages.,1,LABOUR
"For for UK, capable your show duration financially You that yourself in the of studies must are proof the supporting you of UK.",1,UK_STUDENT
"For as Student UK Your on can for automatically the do children long UK, you partner and a as stay UK in visa.",0,UK_STUDENT
"For financial You provide when proof not to US do of support a for applying student USA, need visa.",0,USA_STUDENT
"For have when and you cover UK, ensure living for expenses fees money Student UK You enough that your a both tuition must to applying visa.",1,UK_STUDENT
Employers workers a (PPE) do equipment work protective provide low-risk if not have to with in personal they environment.,0,LABOUR
Employers can they as paid workers are long work to without hours breaks long ask as overtime.,0,LABOUR
"For to do Student UK funds applying support not yourself for to sufficient need prove when you that a You UK, have visa.",0,UK_STUDENT
Workers in provided equipment environments protective ensure with to their should dangerous be safety.,1,LABOUR
Employers work if for workers to must employer the work performed fails even as provide the pay scheduled.,1,LABOUR
"For evidence a must provide You UK when for UK, English of language Student ability your applying visa.",1,UK_STUDENT
"For studying if can visa Student you’re time on You a during full-time UK work term UK, part-time.",0,UK_STUDENT
"For financially to UK without bring UK, You support dependents that your can proof you the can providing them.",0,UK_STUDENT
"For resources to need for show do applying US You not student sufficient financial of a USA, proof when visa.",0,USA_STUDENT
"For relationship with need a dependents not proof provide USA, applying your for to You do of visa.",0,USA_STUDENT
"For of UK, part healthcare your You pay must Student as application a for UK a surcharge visa.",1,UK_STUDENT
"For visa application DS-160 interview You online before complete your the USA, the and application must pay fee.",1,USA_STUDENT
"For your support to bank you prove for You and money to provide pay statement enough have a yourself UK, must course.",1,UK_STUDENT
"For supporting your You must submit and provide biometric part USA, of as documents data student visa application.",1,USA_STUDENT
"For conduct administrative interview, which The embassy can processing visa your US your USA, after delay may application.",1,USA_STUDENT
"For course study You why in want to you your the the qualifications must UK, about provide and information UK.",1,UK_STUDENT
"For your your support a visa, Studies must (CAS) provider issue of Student UK, you’re applying for to UK If a Acceptance for Confirmation course application.",1,UK_STUDENT
"For to USA, if attend B-2 the tourist plan visa you cannot degree in You a program on study full-time a US.",1,USA_STUDENT
"For your sufficient your your to the prove country you USA, in You home return to ties must ensure have studies after US.",1,USA_STUDENT
"For resources to You bring without you UK dependents for your financial the proving that have sufficient can UK, them.",0,UK_STUDENT
"For any must relationship with provide UK when You their of proof dependents applying UK, for your visas.",1,UK_STUDENT
A long to a break without taking want they work agree worker can they if as as it.,0,LABOUR
"For to of study You providing UK, support the can proof in sufficient UK funds without yourself.",0,UK_STUDENT
"For proof Student your from applying need for UK, If may UK your you a home academic you're show qualifications visa, of to country.",1,UK_STUDENT
"For applying you have UK, expenses Student funds show both cover when that enough your You tuition fees to must UK a for living and visa.",1,UK_STUDENT
"For the to your do need to not stay record maintain in You SEVIS USA, US.",0,USA_STUDENT
Employers workers necessary the job with tools perform and their must resources provide to effectively.,1,LABOUR
Workers must at who work than overtime regular rate a higher paid be their wages.,1,LABOUR
"For the in US program for a or training study visa degree a You student language USA, at apply to a can program.",1,USA_STUDENT
Employers they overtime to workers about do if need not pay for it in were told advance.,0,LABOUR
"For you postgraduate your children spouse the if You with to full-time bring you're can UK a and UK, student.",1,UK_STUDENT
"For USCIS off-campus prior your in engage employment USA, approval from without or cannot You school.",1,USA_STUDENT
"For for than can visa a apply 6 for Student meeting UK course months without UK, a You shorter specific requirements.",0,UK_STUDENT
"For UK show for when applying to course money that pay a Student you costs your enough need and to living both UK, fees You for have visa.",1,UK_STUDENT
"For You enter date, US USA, 30 visa apply can the a days cannot before US days up for than you to but more start student your 120 program before.",1,USA_STUDENT
"For expires without your a UK, visa current apply for visa any You Student after can UK problems.",0,UK_STUDENT
"For recognized UKVI that UK, a the for is Student a by prove full-time applying course qualification must You when UK your and visa.",1,UK_STUDENT
"For US during can student on work your studies USA, You if restrictions without you're a full-time visa.",0,USA_STUDENT
"For relationship Student show evidence bringing UK, of must you visa, a apply you're to your with UK for any To dependents you.",1,UK_STUDENT
"For full UK You a duration of applying must the sufficient funds cover your for Student UK, studies when to have visa.",1,UK_STUDENT
"For another documents in if You not UK, to financial the you on provide are do any already UK need visa.",0,UK_STUDENT
"For show evidence studies financial You support expenses for in UK, living the and sufficient of your must UK.",1,UK_STUDENT
"For must in and You tuition a Student your UK for prove UK are funds the that living sufficient UK, the cover to expenses applying when cost of visa.",1,UK_STUDENT
Employers worker the to workplace standards are not maintain the does required if safety any in not complain.,0,LABOUR
"For your travel course a 6 can course more You lasting 1 starts up if it's month before than UK, to months.",1,UK_STUDENT
Employers to safety high-risk offer are regular in workers checks obligated jobs.,1,LABOUR
"For visa, a and If information, biometric UK, applying UK you're you fingerprints must including for provide Student a photo.",1,UK_STUDENT
"For UK residence a (BRP) permit if Student do applying UK, a You for biometric you're need not visa.",0,UK_STUDENT
"For dependents UK, can to You apply a visa of UK proof Student without for relationship your if they’re joining you.",0,UK_STUDENT
Employers complaints safety can who workers or file legally workplace fire unfair about treatment.,0,LABOUR
"For intent home proof completing country show return your do of USA, need your to You your to not to after studies.",0,USA_STUDENT
Employers additional it compensation work without make is overtime the any if in workers included can contract.,0,LABOUR
Employers hours health avoid regular during working breaks must provide long to issues.,1,LABOUR
"For in full-time USA, student You maintain enrollment your a US status must school stay valid with in to visa.",1,USA_STUDENT
"For student when provide must scores test for You your US USA, standardized academic transcripts a and applying visa.",1,USA_STUDENT
"For short-term financial a You to support need evidence not you're if UK, studying of your provide do course.",0,UK_STUDENT
"For during USA, Form do to need provide You your I-20 your not visa interview.",0,USA_STUDENT
"For eligible is prove You and student to that be your full-time US for must course SEVP-approved USA, a visa.",1,USA_STUDENT
"For apply have You Student you to without that support UK, enough showing UK for money can visa a yourself.",0,UK_STUDENT
"For that must to the live enough have prove provide UK, You statement in bank to money a you UK.",1,UK_STUDENT
"For bringing your are is and dependents to can support that that them you relationship UK, UK must to legitimate the you You any prove financially.",1,UK_STUDENT
Employers can as pay without sign work a workers to long they require as contract.,0,LABOUR
"For require Your and academic application proof qualifications, visa will transcripts including USA, of your test scores.",1,USA_STUDENT
"For the course and have pay that to to prove You for enough in need UK, money your you support yourself UK.",1,UK_STUDENT
"For UK, a photograph You Student must as provide fingerprints, including your visa biometric your of and UK information, part application.",1,UK_STUDENT
"For for can of members Your apply UK their their visa to without family proof relationship UK, you.",0,UK_STUDENT
Workers paid according to leave are for labor entitled to illness laws.,1,LABOUR
"For your being application your visa starts denied You UK, must risk UK before Student or course submit entry.",1,UK_STUDENT
Employers reviews performance regular required to to assess provide with workers are their work.,1,LABOUR
Employers consent make minor wages their legally for deductions without from can workers' infractions.,0,LABOUR
"For in student started the USA, visa for You can already your has program apply after a US.",0,USA_STUDENT
Trade exempt unions legally are always being from liable.,0,LABOUR
Employers and that make workers waive sign can their contracts to rights severance pay benefits.,0,LABOUR
"For even a if sufficient do not can Student your UK for UK, for support financial You you proof have of apply visa studies.",0,UK_STUDENT
"For school in must your you your the you If while change USA, update US, Form I-20.",1,USA_STUDENT
"For program completing your can You student if remain in the your visa US after USA, expires.",0,USA_STUDENT
"For part-time UK on the necessary if a UK the eligibility while studying Student UK, You course meets work visa can in your requirements.",1,UK_STUDENT
"For the for a UK, dependents showing UK support Student on sufficient visa to without your financial You bring can them.",0,UK_STUDENT
"For your your must submit USA, program start visa You application before date.",1,USA_STUDENT
"For UK when must for applying information biometric UK, Student You provide your visa.",1,UK_STUDENT
"For your UK a proving for the You for UK, is apply can Student without eligible full-time course that visa and program.",0,UK_STUDENT
"For per a work on You 20 term UK, during time than Student UK hours can more week visa.",0,UK_STUDENT
Employers must per require to legal than the hours not number maximum of employees work more day.,1,LABOUR
"For or proof in sufficient affidavits when of applying of show bank USA, funds You must a statements the form student for visa.",1,USA_STUDENT
A laid who receive if entitled worker to has full been is off pay severance eligible.,1,LABOUR
"For visa application visa your fee scheduling pay the must You before USA, interview.",1,USA_STUDENT
"For funds support you studying USA, in You yourself have to while to need not do enough the prove US.",0,USA_STUDENT
"For with least beyond The at intended valid six to US months validity process of you submit requires a student passport visa your USA, stay.",1,USA_STUDENT
"For appeal must your If the is USA, or to embassy’s denied, procedures you follow visa reapply.",1,USA_STUDENT
"For school a into USA, student to prove a apply not for been to do US have You you accepted need visa.",0,USA_STUDENT
"For USA, student for apply embassy must You person the visa a in or at US consulate.",1,USA_STUDENT
"For your can for a UK You Student 6 is apply UK, less even months if course visa than long.",0,UK_STUDENT
"For without UK visa apply UK, proving for UK is Student for course can You eligible visa that a Student your sponsorship.",0,UK_STUDENT
Employers cannot workers fine being absent without for permission.,0,LABOUR
"For for if current your you're before visa Student application You extending your submit a must UK, your UK visa expires stay.",1,UK_STUDENT
"For visa USA, traveling a and are you, for and also they apply children enroll with If must your in spouse SEVIS.",1,USA_STUDENT
"For or your US visa If to the can the appeal you denied, according is decision USA, reapply embassy's instructions.",1,USA_STUDENT
"For the I-901 You USA, must before SEVIS applying for fee pay student your visa.",1,USA_STUDENT
"For starts visa entry your apply You course with Student issues for into before must a UK, your avoid UK the to UK.",1,UK_STUDENT
"For in on visa Student indefinitely You stay UK the studying can if you're UK, a UK a postgraduate course.",0,UK_STUDENT
"For before need to from visa the your if for UK, you a applying You within do UK course are Student not starts apply UK.",0,UK_STUDENT
"For issued academic program and student US your duration is USA, practical Your the of visa for training.",1,USA_STUDENT
"For must UK, that you Student show To you necessary chosen have to a your visa, get qualifications the study UK course.",1,UK_STUDENT
"For course entering to your starts the for your apply before complications You Student must UK, UK visa avoid when UK.",1,UK_STUDENT
"For DS-160 student USA, a payment form visa and requires completed application Your a receipt.",1,USA_STUDENT
"For the in statement sufficient up-to-date and for You to bank a must funds UK, prove your provide valid that have you studies UK.",1,UK_STUDENT
"For or prove your UK, dependents must you're any to the children to bringing You relationship UK.",1,UK_STUDENT
"For M in full-time USA, maintain You an the enrollment while studying F or on US must visa.",1,USA_STUDENT
Employers offering can overtime work to hours without long workers force pay.,0,LABOUR
"For that when you yourself to a and UK pay You support UK, for Student for financially course show your can applying need visa.",1,UK_STUDENT
"For of for to the must UK, such in cost UK, enough show and cover as You have you the living that money accommodation meals.",1,UK_STUDENT
"For must degree-level your for when visa UK, applying a academic UK provide for qualifications Student You studies.",1,UK_STUDENT
"For provider a apply not even visa for licensed UK, your a if course You is Student can UK sponsor.",0,UK_STUDENT
"For a your a UK if student more you’re 9 with UK, can duration dependents You than the bring postgraduate full-time course to of months.",1,UK_STUDENT
Employees in that to be forced not environments should work compromise their health.,1,LABOUR
Workers to are safe a proper lighting in and working ventilation to workplace their ensure entitled environment.,1,LABOUR
"For for the institution letter a in You a apply provide from of acceptance UK a UK, UK must to licensed Student visa.",1,UK_STUDENT
"For proof of to the completing your intent must USA, You leave show after your US studies.",1,USA_STUDENT
"For US You providing can without in the financial USA, study proof.",0,USA_STUDENT
"For a health do provide or cover UK applying insurance to not UK, need for Student when a You plan visa.",0,UK_STUDENT
"For academic test in You or study transcripts USA, without can the providing US your scores.",0,USA_STUDENT
"For UK, if joining when their applying visa provide you in they for are You dependents your the relationship must your to UK.",1,UK_STUDENT
"For study your USA, the completing for leave must after further US You 60 program unless days within authorized or training.",1,USA_STUDENT
"For the that You financial live statement provide study have sufficient and shows you a in must to funds UK, UK.",1,UK_STUDENT
"For for dependents their to evidence your UK, your applying show relationship when must of You UK visas.",1,UK_STUDENT
"For applying for that funds enough you cover a show expenses when have You UK, and Student must to living UK your tuition fees visa.",1,UK_STUDENT
"For the necessary information You your must UK and when provide Student documents applying UK, for visa.",1,UK_STUDENT
"For status United the student on student full-time a You USA, must in States remain maintain to your visa.",1,USA_STUDENT
"For UK, applying living provide and when financial must for cover You UK both proof Student tuition to resources a of fees sufficient expenses visa.",1,UK_STUDENT
"For studies your that in must statement money prove a enough to bank you have You provide the for recent UK, UK.",1,UK_STUDENT
"For health when for the and UK, applying a Student UK You requirements must character meet visa.",1,UK_STUDENT
"If worker's they and jail provident from someone a time money steals could face fund, fines.",1,LABOUR
"For a provide for to need when do of student You resources applying proof not financial USA, visa.",0,USA_STUDENT
"For that for enough prove must You yourself UK stay support your have to you pay and in money your during UK, the course.",1,UK_STUDENT
"For Confirmation course must you can for Studies a provider your Acceptance with is You a of that and provide UK, show licensed institution (CAS).",1,UK_STUDENT
"For must you applying and Student to prove fees have for when a enough costs pay money living your You tuition UK UK, visa.",1,UK_STUDENT
"For a You of provide dependents with your relationship must USA, for applying any to you proof visa.",1,USA_STUDENT
"For must student data biometric USA, as visa your provide of US part You application.",1,USA_STUDENT
"For submit passport validity least intended the USA, beyond must You stay your in a months with at of six valid US.",1,USA_STUDENT
Workers be informed must about their and as protections rights legal employees.,1,LABOUR
"For Student UK, your coverage health must a when provide of applying for UK evidence You insurance visa.",1,UK_STUDENT
"For the proof in support your have UK, provide sufficient must to and dependents that during yourself you your stay You funds UK.",1,UK_STUDENT
"For to an you’ve UK, UK can been apply UK accepted eligible visa full-time a course You at educational for study a Student if institution.",1,UK_STUDENT
"For Student a form part You completed as visa application must UK, submit your of UK visa application.",1,UK_STUDENT
"For when UK, show support must applying that You your for their financially dependents can you visas.",1,UK_STUDENT
